{
  "table_of_contents": [
    {
      "title": "Demande de c\u00e9sure aux conditions g\u00e9n\u00e9rales de r\u00e9alisation du doctorat",
      "heading_level": null,
      "page_id": 0,
      "polygon": [
        [
          101.9691700202692,
          64.13062834739685
        ],
        [
          492.601063994977,
          64.13062834739685
        ],
        [
          492.601063994977,
          95.96239147373107
        ],
        [
          101.9691700202692,
          95.37375497817993
        ]
      ]
    },
    {
      "title": "Documents \u00e0 joindre \u00e0 votre demande :",
      "heading_level": null,
      "page_id": 1,
      "polygon": [
        [
          33.739798903765546,
          71.9717936052983
        ],
        [
          263.9202047583438,
          71.9717936052983
        ],
        [
          263.9202047583438,
          86.96591727306878
        ],
        [
          33.739798903765546,
          86.96591727306878
        ]
      ]
    }
  ],
  "page_stats": [
    {
      "page_id": 0,
      "text_extraction_method": "surya",
      "block_counts": [
        [
          "TableCell",
          25
        ],
        [
          "Line",
          21
        ],
        [
          "Span",
          7
        ],
        [
          "Text",
          6
        ],
        [
          "Picture",
          3
        ],
        [
          "SectionHeader",
          1
        ],
        [
          "Form",
          1
        ]
      ],
      "block_metadata": {
        "llm_request_count": 0,
        "llm_error_count": 0,
        "llm_tokens_used": 0,
        "previous_text": "",
        "previous_type": "",
        "previous_order": 0
      }
    },
    {
      "page_id": 1,
      "text_extraction_method": "surya",
      "block_counts": [
        [
          "TableCell",
          11
        ],
        [
          "Line",
          9
        ],
        [
          "Span",
          4
        ],
        [
          "Picture",
          3
        ],
        [
          "ListItem",
          3
        ],
        [
          "SectionHeader",
          1
        ],
        [
          "Form",
          1
        ],
        [
          "ListGroup",
          1
        ]
      ],
      "block_metadata": {
        "llm_request_count": 0,
        "llm_error_count": 0,
        "llm_tokens_used": 0,
        "previous_text": "",
        "previous_type": "",
        "previous_order": 0
      }
    }
  ],
  "debug_data_path": "debug_data/Demande de c\u00e9sure CVL_2022 V2026"
}